{
    "lexicon stats": {
        "Number of token": 8203,
        "Number of posts": 900,
        "Syllables per post": 148.7422222222222,
        "Words per post": 109.22888888888889,
        "Total sentences": 5728,
        "Sentences per post": 6.364444444444445,
        "Syllables per word": 1.361748011311619,
        "Words per sentence": 17.16236033519553,
        "Characters per word": 4.377413382702988,
        "Letters per word": 4.155988888888882,
        "Polysyllabs per post": 7.571111111111111,
        "Overall Type-token ratio": 0.07229414719698238,
        "Negative count": 1631
    },
    "verb stats": {
        "verb count": 15228
    },
    "top words": {
        "Frequency of all words": 58671,
        "Frequency of top 10 words": 7407,
        "percent of text is top 10 words": 12.624635680319068
    },
    "ntlk stats": {
        "Num clauses": 22241,
        "Num nodes": 218222,
        "Total height": 72351,
        "Avg nodes per post": 242.4688888888889,
        "Avg clauses per post": 24.712222222222223,
        "Avg height of post": 80.39
    },
    "pronoun_and_sentiment_stats": {
        "Average sentiment for sentences": 0.6741012472487161, 
        "I (etc.) pronouns": 6872, 
        "We (etc.) pronouns": 103, 
        "They (etc.) pronouns": 328, 
        "Added up pronouns": 7303
    }
}