{
    "lexicon stats": {
        "Number of token": 9630,
        "Number of posts": 900,
        "Syllables per post": 278.5,
        "Words per post": 211.19222222222223,
        "Total sentences": 9737,
        "Sentences per post": 10.818888888888889,
        "Syllables per word": 1.3187038664092217,
        "Words per sentence": 19.520694259012014,
        "Characters per word": 4.183345346261699,
        "Letters per word": 4.049433333333337,
        "Polysyllabs per post": 14.174444444444445,
        "Overall Type-token ratio": 0.04514492787593818,
        "Negative count": 3949
    },
    "verb stats": {
        "verb count": 31321
    },
    "top words": {
        "Frequency of all words": 104839,
        "Frequency of top 10 words": 20190,
        "percent of text is top 10 words": 19.258100516029337
    },
    "ntlk stats": {
        "Num clauses": 49436,
        "Num nodes": 426103,
        "Total height": 131778,
        "Avg nodes per post": 473.4477777777778,
        "Avg clauses per post": 54.92888888888889,
        "Avg height of post": 146.42
    }
}