sympathy,emotional,communication,pain,neglect,negative_emotion
0.0,0.0,0.040983606557377046,0.0,0.0,0.0
0.0,0.0,0.040983606557377046,0.0,0.0,0.0
