{"Sympathy": 0.001975434168267255, "Emotional": 0.005614846783136612, "Communication": 0.007614058011231539, "Neglect": 0.0020946887719522854, "Swearing": 0.0021869709822732683, "NegativeEmotion": 0.017765302457608597, "PositiveEmotion": 0.009108267636636485}